class,A,B,C
1,0.00023153,-1.85E-06,4.59E-08
2,0.000673218,-1.11E-05,1.34E-07
